,feature_name,AIC
0,LSTAT,-293.2413853085791
1,RM,-194.9942327544295
2,INDUS,-148.46078574079183
3,PTRATIO,-134.29559321308352
4,NOX,-115.21667873456863
5,AGE,-92.56753514148068
6,TAX,-84.91045436128843
7,CRIM,-80.39282209507292
8,RAD,-76.76335336973989
9,flg_over_age,-73.0767086884016
10,ZN,-66.74385941510354
11,DIS,-59.70835266950644
12,B,-39.51987674625707
13,CHAS,-1.8185693779623762
14,rand,5.294963410020046
15,sample_datetime,5.294963410020046
16,sample_str,5.294963410020046
