,columns,base,KL_divergence
0,CRIM,True,1.504802034180566
1,ZN,True,0.3163862104909675
2,INDUS,True,1.2554357826312001
3,CHAS,True,
4,NOX,True,
5,RM,True,
6,AGE,True,0.47106302854146176
7,DIS,True,0.3132397778986248
8,RAD,True,0.040728842526382335
9,TAX,True,0.49095863987695887
10,PTRATIO,True,
11,B,True,2.2668745085061146
12,LSTAT,True,4.716150934574273
13,rand,True,
14,sample_datetime,True,
15,target,True,11.557671159901654
16,flg_target,True,
